{"cameraMode":{"drawMode":0,"name":"Shaded","section":"Shading Mode"},"sceneLighting":true,"audioPlay":false,"sceneViewState":{"showFog":true,"showMaterialUpdate":false,"showSkybox":true,"showFlares":true,"showImageEffects":true,"showParticleSystems":true},"in2DMode":false,"pivot":{"x":182.9111328125,"y":59.91984558105469,"z":175.42306518554688},"rotation":{"x":-0.47314220666885378,"y":-0.01137758232653141,"z":0.006094837561249733,"w":-0.8808915615081787},"size":403.66259765625,"orthographic":true}