{"cameraMode":{"drawMode":0,"name":"Shaded","section":"Shading Mode"},"sceneLighting":true,"audioPlay":false,"sceneViewState":{"showFog":true,"showMaterialUpdate":false,"showSkybox":true,"showFlares":true,"showImageEffects":true,"showParticleSystems":true},"in2DMode":false,"pivot":{"x":198.74093627929688,"y":8.0,"z":288.8796691894531},"rotation":{"x":-0.19642554223537446,"y":-0.43616893887519839,"z":0.0981764867901802,"w":-0.8726597428321838},"size":212.88589477539063,"orthographic":true}